topic,avg_std
none,0.3910912144062393
none,0.3901467268339331
none,0.3899870237138721
none,0.3899129048828453
none,0.3897282709170851
none,0.3895058571474477
none,0.3894917119053182
none,0.3894842603948883
none,0.3894839672779596
none,0.3894808013759099
none,0.3894789115909496
none,0.3894780331987401
none,0.3894778725475669
none,0.3894778243821127
none,0.3894777199921563
