,gpt-3.5-turbo-0125,text-bison@002,gpt-4-0125-preview,claude-instant-1.2,claude-2.1,mistral-tiny,mistral-medium,llama-2-70b-chat,gpt-4
gpt-3.5-turbo-0125,0.0,0.012361202916813176,0.01971485896051108,0.09093993644588783,0.20504215642845547,0.1963597845552476,0.022547249835183438,0.055077880840842634,0.027054421810201644
text-bison@002,0.012361202916813176,0.0,0.001982784187213757,0.07560152089266856,0.19345196267917433,0.19584409640035227,0.011786108443913972,0.04573153674416611,0.03623491114502991
gpt-4-0125-preview,0.01971485896051108,0.001982784187213757,0.0,0.08220866666495144,0.16478327763244102,0.21002035812866432,0.004298351489654385,0.05629586186046427,0.05639619168974437
claude-instant-1.2,0.09093993644588783,0.07560152089266856,0.08220866666495144,0.0,0.1159313725490196,0.3148148148148148,0.06439024390243903,0.024565756823821353,0.11610912916656527
claude-2.1,0.20504215642845547,0.19345196267917433,0.16478327763244102,0.1159313725490196,0.0,0.42209631728045327,0.1763990267639903,0.14641975308641977,0.2244185141288521
mistral-tiny,0.1963597845552476,0.19584409640035227,0.21002035812866432,0.3148148148148148,0.42209631728045327,0.0,0.20253521126760565,0.24297994269340978,0.15513727550434064
mistral-medium,0.022547249835183438,0.011786108443913972,0.004298351489654385,0.06439024390243903,0.1763990267639903,0.20253521126760565,0.0,0.02772277227722772,0.042537747521641835
llama-2-70b-chat,0.055077880840842634,0.04573153674416611,0.05629586186046427,0.024565756823821353,0.14641975308641977,0.24297994269340978,0.02772277227722772,0.0,0.08785657854955586
gpt-4,0.027054421810201644,0.03623491114502991,0.05639619168974437,0.11610912916656527,0.2244185141288521,0.15513727550434064,0.042537747521641835,0.08785657854955586,0.0
